domain,concept,brfss_2025_variable,literature_support,exists,missing_pct,leakage_risk,provisional_decision,rationale
Target,Diagnosed diabetes status,DIABETE4,"P01;P02;P03",true,0.0017,target,target,"Primary outcome; raw categories must be explicitly recoded before modeling"
Demographic,Age group,_AGEG5YR,"P01;P02;P03;P06",true,0.0000,no,include,"Repeatedly used across BRFSS diabetes studies; official calculated age-group variable"
Demographic,Sex,_SEX,"P01;P02;P03;P06",true,0.0000,no,include,"Basic demographic predictor with complete coverage"
Demographic,Race/ethnicity group,_RACEGR3,"P02;P03",true,0.0008,no,consider,"Potentially informative population-health covariate; retain only with careful interpretation"
Socioeconomic,Education,_EDUCAG,"P01;P02;P03;P06",true,0.0000,no,include,"Repeated social-determinant predictor; calculated education grouping"
Socioeconomic,Income,_INCOMG1,"P01;P02;P03;P06",true,0.0000,no,include,"Repeated social-determinant predictor; calculated income grouping"
Socioeconomic,Employment,EMPLOY1,"P02;P03",true,0.7553,no,consider,"Relevant socioeconomic context with very low raw missingness"
Socioeconomic,Marital status,MARITAL,"P01;P02",true,0.0014,no,consider,"Used in prior raw-BRFSS modeling; likely secondary rather than core"
Anthropometric,Body mass index,_BMI5,"P02;P03;P06;P07",true,9.1426,no,include,"One of the most recurrent diabetes-related indicators; continuous calculated BMI"
Anthropometric,BMI category,_BMI5CAT,"P01;P06;P07",true,9.1426,no,alternative,"Categorical alternative to _BMI5; do not include both by default because of redundancy"
General health,Self-rated general health,GENHLTH,"P01;P02;P03;P06",true,0.0014,no,include,"Strong recurring health-status indicator and highly interpretable"
General health,Physical health days,PHYSHLTH,"P02;P03;P06",true,0.0008,no,include,"Frequently represented in BRFSS-derived diabetes indicator sets"
General health,Mental health days,MENTHLTH,"P02;P03;P06",true,0.0006,no,consider,"Common BRFSS health indicator; retain subject to redundancy and interpretation"
General health,Poor/fair health calculated indicator,_RFHLTH,"P01",true,0.0000,no,alternative,"Derived form of general health; redundant with GENHLTH, so use one representation"
Healthcare access,Health plan indicator,_HLTHPL2,"P02;P03",true,0.0000,no,consider,"Healthcare-access context; useful for population-health interpretation"
Healthcare access,Personal doctor,PERSDOC3,"P02;P03",true,0.0006,no,consider,"Access/continuity-of-care indicator with excellent coverage"
Healthcare access,Cost barrier to care,MEDCOST1,"P02;P03",true,0.0006,no,consider,"Healthcare-access barrier; potentially useful social determinant"
Healthcare access,Routine checkup,CHECKUP1,"P02;P03",true,0.0006,no,consider,"Healthcare-use indicator; must be interpreted as cross-sectional association"
Lifestyle,Physical activity,_TOTINDA,"P01;P02;P03;P06",true,0.0000,no,include,"Highly recurrent modifiable behavioral indicator; calculated variable with complete coverage"
Lifestyle,Smoking,_RFSMOK3,"P01;P02;P03;P06",true,0.0000,no,include,"Repeated behavioral predictor; calculated smoking indicator"
Lifestyle,Any alcohol use,DRNKANY6,"P01;P02",true,0.0000,no,consider,"Used in raw-BRFSS studies; association may be nonlinear and requires careful coding"
Lifestyle,Binge drinking,_RFBING6,"P02;P03",true,0.0000,no,consider,"Behavioral indicator; likely secondary to broader alcohol variable"
Lifestyle,Sleep duration,SLEPTIM1,"P03",true,6.3876,no,consider,"Potentially relevant behavioral factor; modest missingness"
Cardiometabolic,High blood pressure,_RFHYPE6,"P02;P03;P06;P07",true,0.0000,no,include,"Major recurring cardiometabolic indicator with complete calculated coverage"
Cardiometabolic,High cholesterol,_RFCHOL3,"P02;P03;P06;P07",true,11.7821,no,include,"Major recurring cardiometabolic indicator; missingness remains within a defensible range"
Comorbidity,Coronary heart disease,_MICHD,"P01;P02;P03",true,1.1267,no,include,"Used directly in P01 and clinically relevant comorbidity"
Comorbidity,Stroke,CVDSTRK3,"P02;P03;P06",true,0.0008,no,include,"Common BRFSS chronic-condition indicator"
Comorbidity,Kidney disease,CHCKDNY2,"P01;P02;P03",true,0.0008,no,include,"Used directly in P01 and relevant diabetes-associated comorbidity"
Functional health,Difficulty walking,DIFFWALK,"P02;P06;P07",true,4.0805,no,consider,"Common BRFSS-derived health indicator; may capture functional burden"
Comorbidity,Asthma,ASTHMA3,"P01",true,0.0008,no,consider,"Used in P01 but weaker diabetes-specific rationale than core cardiometabolic factors"
Mental health,Depressive disorder,ADDEPEV3,"P01;P03",true,0.0008,no,consider,"Used in prior BRFSS models; plausible behavioral/health association"
Comorbidity,Arthritis,HAVARTH4,"P01",true,0.0008,no,consider,"Used in P01; likely secondary and may proxy age/functional health"
Leakage,Age at diabetes diagnosis,DIABAGE4,"P01 audit",true,85.4483,high,exclude,"Directly conditional on diabetes history; leaks outcome information"
Leakage,Insulin use,INSULIN1,"Leakage screen",true,94.0150,high,exclude,"Diabetes treatment variable downstream of diagnosis"
Leakage,HbA1c monitoring,CHKHEMO3,"Leakage screen",true,94.0167,high,exclude,"Diabetes-specific monitoring variable downstream of diagnosis"
Leakage,Diabetes eye examination,EYEEXAM1,"Leakage screen",true,94.0187,high,exclude,"Diabetes-specific care variable downstream of diagnosis"
Leakage,Diabetes-related eye disease,DIABEYE1,"Leakage screen",true,94.0212,high,exclude,"Condition elicited in diabetes-specific module; outcome-dependent"
Leakage,Diabetes self-management education,DIABEDU1,"Leakage screen",true,94.0226,high,exclude,"Diabetes-specific education variable downstream of diagnosis"
