variable,role,raw_or_calculated,raw_nan_pct,special_codes_to_missing,valid_recoding,analytical_missing_pct,provisional_status,notes
DIABETE4,target,raw,0.0017,"2;4;7;9;NaN excluded from primary binary cohort","1->1 diabetes; 3->0 no diabetes",3.8238,target,"Primary binary cohort: 342539 rows; 51827 positive; prevalence 15.1302%"
_AGEG5YR,predictor,calculated,0.0000,"14","1-13 retained as ordered age groups",1.8761,include,"CDC calculated age categories; code 14 is DK/refused/missing"
_SEX,predictor,calculated,0.0000,"none observed","1/2 categorical",0.0000,include,"Calculated sex variable"
_EDUCAG,predictor,calculated,0.0000,"9","1-4 education categories",0.6042,include,"CDC code 9 is DK/not sure/refused/missing"
_INCOMG1,predictor,calculated,0.0000,"9","1-7 income categories",19.9490,include_with_missing_strategy,"Near the 20% missingness threshold after proper code handling"
_BMI5,predictor,calculated,9.1426,"NaN","divide stored integer by 100 to obtain BMI",9.1426,include,"Continuous BMI; use instead of _BMI5CAT in primary set to avoid redundancy"
GENHLTH,predictor,raw,0.0014,"7;9;NaN","1-5 ordered self-rated health",0.2707,include,"Excellent to poor; categorical/ordinal treatment to be decided in preprocessing"
PHYSHLTH,predictor,raw,0.0008,"77;99;NaN","88->0 days; 1-30 retained",2.3481,include,"CDC healthy-days recoding explicitly treats 88 as zero days"
MENTHLTH,predictor,raw,0.0006,"77;99;NaN","88->0 days; 1-30 retained",1.8202,consider,"Useful but may be secondary for compact model"
_TOTINDA,predictor,calculated,0.0000,"9","1/2 retained as physical-activity indicator",0.2735,include,"Calculated from exercise question"
_RFSMOK3,predictor,calculated,0.0000,"9","1/2 retained as current-smoking indicator",5.7988,include,"Code 9 must not be treated as a smoking category"
_RFHYPE6,predictor,calculated,0.0000,"9","1=no; 2=yes",1.1927,include,"CDC 2025 calculated hypertension indicator"
_RFCHOL3,predictor,calculated,11.7821,"9;NaN","1/2 retained",12.5880,include,"Analytical missingness includes native NaN plus code 9"
_MICHD,predictor,calculated,1.1267,"NaN","1/2 retained",1.1267,include,"Calculated coronary heart disease / myocardial infarction indicator"
CVDSTRK3,predictor,raw,0.0008,"7;9;NaN","1=yes; 2=no",0.3392,include,"Stroke history"
CHCKDNY2,predictor,raw,0.0008,"7;9;NaN","1=yes; 2=no",0.4158,include,"Kidney disease history"
SLEPTIM1,predictor,raw,6.3876,"77;99;NaN","valid reported hours retained",7.6609,consider,"Do not confuse valid value 7 hours with code 77"
DIFFWALK,predictor,raw,4.0805,"7;9;NaN","1=yes; 2=no",4.4930,consider,"Functional limitation"
PERSDOC3,predictor,raw,0.0006,"7;9;NaN","1-3 valid categories",0.9816,consider,"Personal healthcare provider access"
MEDCOST1,predictor,raw,0.0006,"7;9;NaN","1=yes; 2=no",0.3487,consider,"Cost prevented care"
CHECKUP1,predictor,raw,0.0006,"7;9;NaN","1-4 recency; 8=never retained",1.1181,consider,"Code 8 is a valid Never category"
DIABAGE4,leakage,raw,85.4483,"not applicable","exclude",85.4483,exclude,"Directly reveals age at diabetes diagnosis"
INSULIN1,leakage,raw,94.0150,"not applicable","exclude",94.0150,exclude,"Treatment downstream of diagnosis"
CHKHEMO3,leakage,raw,94.0167,"not applicable","exclude",94.0167,exclude,"Diabetes-specific monitoring"
EYEEXAM1,leakage,raw,94.0187,"not applicable","exclude",94.0187,exclude,"Diabetes-specific care"
DIABEYE1,leakage,raw,94.0212,"not applicable","exclude",94.0212,exclude,"Diabetes-specific complication"
DIABEDU1,leakage,raw,94.0226,"not applicable","exclude",94.0226,exclude,"Diabetes-specific education"
