variable,domain,literature_support,analytical_missing_pct,selected,representation,redundancy_or_caution,rationale
_AGEG5YR,Demographic,"P01;P02;P03;P06",1.8761,yes,categorical_ordinal,"Code 14 -> missing","Strong recurring predictor; broad age-gradient information"
_SEX,Demographic,"P01;P02;P03;P06",0.0000,yes,categorical,"None","Core demographic predictor with complete coverage"
_RACEGR3,Demographic,"P02;P03",2.3374,yes,categorical,"Interpret as population-level association, not biological causation","Adds demographic heterogeneity and is supported in raw-BRFSS studies"
_EDUCAG,Socioeconomic,"P01;P02;P03;P06",0.6042,yes,categorical_ordinal,"Code 9 -> missing","Strong social-determinant precedent and excellent coverage"
_INCOMG1,Socioeconomic,"P01;P02;P03;P06",19.9490,yes,categorical_ordinal,"Highest missingness among selected predictors; requires explicit missing-data strategy","Strong literature support; retains socioeconomic domain despite near-20% missingness"
EMPLOY1,Socioeconomic,"P02;P03",1.9806,yes,categorical,"Retired/unable-to-work are valid categories; only code 9/NaN missing","Adds socioeconomic/labor-force context beyond income and education"
_BMI5,Anthropometric,"P02;P03;P06;P07",9.1426,yes,continuous,"Do not also use _BMI5CAT in primary model","Central diabetes-related indicator; continuous form preserves information"
GENHLTH,General health,"P01;P02;P03;P06",0.2707,yes,categorical_ordinal,"Do not also use _RFHLTH by default","Highly recurrent and interpretable self-rated health measure"
PHYSHLTH,General health,"P02;P03;P06",2.3481,yes,continuous_count,"88 -> 0 days; 77/99 -> missing","Captures physical health burden with strong precedent"
MENTHLTH,Mental health,"P02;P03;P06",1.8202,yes,continuous_count,"88 -> 0 days; 77/99 -> missing","Adds mental-health domain without using diagnosis-specific variables"
_TOTINDA,Lifestyle,"P01;P02;P03;P06",0.2735,yes,binary_categorical,"Code 9 -> missing","Strong recurring physical-activity indicator"
_RFSMOK3,Lifestyle,"P01;P02;P03;P06",5.7988,yes,binary_categorical,"Code 9 -> missing","Strong recurring smoking indicator"
SLEPTIM1,Lifestyle,"P03",7.6609,yes,continuous,"7 is valid; 77/99 are missing","Adds a distinct behavioral domain with acceptable coverage"
_RFHYPE6,Cardiometabolic,"P02;P03;P06;P07",1.1927,yes,binary_categorical,"Code 9 -> missing","Major recurring cardiometabolic indicator"
_RFCHOL3,Cardiometabolic,"P02;P03;P06;P07",12.5880,yes,binary_categorical,"Native NaN + code 9 -> missing","Major recurring cardiometabolic indicator with manageable missingness"
_MICHD,Comorbidity,"P01;P02;P03",1.1267,yes,binary_categorical,"Calculated chronic-disease indicator","Strong raw-BRFSS precedent and relevant cardiovascular comorbidity"
CVDSTRK3,Comorbidity,"P02;P03;P06",0.3392,yes,binary_categorical,"7/9 -> missing","Common chronic-disease indicator with excellent coverage"
CHCKDNY2,Comorbidity,"P01;P02;P03",0.4158,yes,binary_categorical,"7/9 -> missing","Strong clinical and literature relevance"
DIFFWALK,Functional health,"P02;P06;P07",4.4930,yes,binary_categorical,"7/9/NaN -> missing","Adds functional-health burden not fully represented by disease diagnoses"
PERSDOC3,Healthcare access,"P02;P03",0.9816,yes,categorical,"7/9 -> missing","Single healthcare-access representative to avoid overloading access/use variables"
_BMI5CAT,Anthropometric,"P01;P06;P07",9.1426,no,categorical,"Redundant with _BMI5","Primary model retains continuous BMI instead"
_RFHLTH,General health,"P01",0.0000,no,binary_categorical,"Derived from GENHLTH","Redundant representation of self-rated health"
MARITAL,Socioeconomic,"P01;P02",1.0975,no,categorical,"Weaker direct rationale; overlaps demographic/social context","Excluded to keep feature set compact"
_HLTHPL2,Healthcare access,"P02;P03",4.3413,no,categorical,"Overlaps PERSDOC3 healthcare-access domain","PERSDOC3 retained as the primary access indicator"
MEDCOST1,Healthcare access,"P02;P03",0.3487,no,binary_categorical,"Overlaps healthcare-access domain","Useful sensitivity variable but not required in compact primary set"
CHECKUP1,Healthcare use,"P02;P03",1.1181,no,categorical,"Can reflect health-seeking/detection behavior; overlaps access/use","Excluded from primary set to reduce detection-behavior proxies"
DRNKANY6,Lifestyle,"P01;P02",7.5410,no,binary_categorical,"Association can be nonlinear; overlaps alcohol domain","Lower priority than activity/smoking/sleep for compact model"
_RFBING6,Lifestyle,"P02;P03",8.2542,no,binary_categorical,"Overlaps DRNKANY6 and adds another alcohol construct","Excluded to avoid unnecessary behavioral redundancy"
ASTHMA3,Comorbidity,"P01",0.3549,no,binary_categorical,"Weaker diabetes-specific rationale","Lower priority than cardiovascular/kidney comorbidities"
ADDEPEV3,Mental health,"P01;P03",0.6239,no,binary_categorical,"Overlaps MENTHLTH","Mental-health days retained as broader non-diagnostic measure"
HAVARTH4,Comorbidity,"P01",0.5944,no,binary_categorical,"Likely correlated with age/functional limitation","DIFFWALK retained as broader functional-health measure"
DIABAGE4,Leakage,"Leakage screen",85.4483,no,exclude,"Direct target leakage","Age at diabetes diagnosis reveals outcome history"
INSULIN1,Leakage,"Leakage screen",94.0150,no,exclude,"Direct target leakage","Treatment downstream of diagnosis"
CHKHEMO3,Leakage,"Leakage screen",94.0167,no,exclude,"Direct target leakage","Diabetes-specific monitoring"
EYEEXAM1,Leakage,"Leakage screen",94.0187,no,exclude,"Direct target leakage","Diabetes-specific care"
DIABEYE1,Leakage,"Leakage screen",94.0212,no,exclude,"Direct target leakage","Diabetes-specific complication"
DIABEDU1,Leakage,"Leakage screen",94.0226,no,exclude,"Direct target leakage","Diabetes-specific education"
