paper_id,role,title,year,venue,doi,brfss_basis,sample_or_scope,target_definition,feature_strategy,models_or_method,validation_and_imbalance,public_code,reproducibility,how_we_use_it,cautions
P01,core_anchor,"Divide and recombine approaches for fitting logistic regression to large-scale health surveillance data: application to diabetes risk prediction in BRFSS",2026,"Scientific Reports","10.1038/s41598-026-46927-7","Raw BRFSS 2014-2024","n=2,498,880; age >=40; 16 predictors","Published text: DIABETE4; gestational excluded; prediabetes grouped as non-diabetic","Literature-grounded; consistent annual availability; <20% missing each year; pairwise correlation <0.7","Logistic regression; D&R vs glm and speedglm","Complete-case primary analysis; multiple-imputation sensitivity; computational partition sensitivity","https://github.com/NayemMH/DR-Logistic-Regression-BRFSS ; Zenodo 10.5281/zenodo.19231359","Very high","Feature-selection criteria; target-operationalization comparison; large-scale BRFSS precedent","Public R script currently maps DIABETE4 1=Yes and 3=No and drops other categories, which appears inconsistent with published statement that prediabetes is non-diabetic; reproduce and resolve before adopting"
P02,core_anchor,"Building Risk Prediction Models for Type 2 Diabetes Using Machine Learning Techniques",2019,"Preventing Chronic Disease (CDC)","10.5888/pcd16.190109","Raw BRFSS 2014","138,146 final; 20,467 T2D; 27 selected variables","Age >30; yes to diabetes; pregnant diabetes and prediabetes excluded","27 variables selected from diabetes-risk literature; complete cases","SVM variants; Gaussian NB; Logistic Regression; Neural Network; Decision Tree; Random Forest","2/3 train, 1/3 untouched test; SMOTE applied to training only; accuracy/sensitivity/specificity/AUC","No public code located; full CDC article and variable appendix","High","Raw-BRFSS feature precedent; target definition; leakage-safe train-only SMOTE; benchmark design","Older BRFSS coding (DIABETE3); holdout rather than modern nested/CV workflow"
P03,core_anchor,"Exploring Explainable Machine Learning for Predicting and Interpreting Self-Reported Diabetes among Tennessee Adults: Insights from the 2023 BRFSS",2025,"Journal of Primary Care & Community Health","10.1177/21501319251400546","Raw Tennessee BRFSS 2023","n=5,634; weighted population 5,614,486","Self-reported diabetes diagnosis","EDA + bivariate screening + backward elimination + Cramer's V + RFE","Logistic Regression; SVM; KNN; Decision Tree; Random Forest; Gradient Boosting; XGBoost; SHAP","80/20 stratified split; SMOTE on training only; stratified 5-fold CV within train; accuracy/precision/recall/balanced accuracy/F1/AUROC/PR-AUC","No public code located; detailed methods and supplemental hyperparameter/feature tables","High","Closest methodological template for our class benchmark; metrics; CV; SHAP; self-reported-status wording","State-specific sample rather than national; mixed R/Stata/Python pipeline"
P04,core_method,"An investigation of machine learning algorithms and data augmentation techniques for diabetes diagnosis using class imbalanced BRFSS dataset",2024,"Healthcare Analytics","10.1016/j.health.2023.100297","BRFSS; CDC public source","Class-imbalanced BRFSS dataset","Binary diabetes classification","Health and socioeconomic predictors; emphasis on end-to-end imbalance handling","Multiple ML algorithms with SMOTE-N, ENN, SMOTE-Tomek, SMOTE-ENN","Sampling applied to training data to avoid leakage","No public repository located; article methods are detailed; data stated public at CDC","Medium-High","Imbalance protocol and leakage-safe resampling reference","Exact annual-file/provenance and full reconstruction details should be checked before numerical comparison"
P05,core_method,"Diabetes prediction model based on GA-XGBoost and stacking ensemble algorithm",2024,"PLOS ONE","10.1371/journal.pone.0311222","BRFSS 2021 via public Kaggle mirror","438,693 raw records; 303 variables; authors select 25 features","Binary diabetes/non-diabetes dataset after cleaning","25 selected features; preprocessing; GA-XGBoost feature/model optimization","Decision Tree; Logistic Regression; AdaBoost; LightGBM; XGBoost; GA-XGBoost; stacking; SHAP","Compares ROS, ADASYN, SMOTE, SMOTEENN; reports standard classification metrics","No public code located; public input dataset and detailed paper workflow","Medium-High","Modern raw-year BRFSS comparison; boosting/SHAP; feature shortlist cross-check","Paper contains an apparent record-count inconsistency in preprocessing text; very high resampling performance requires careful leakage-safe reproduction"
P06,feature_selection_anchor,"A copula based supervised filter for feature selection in machine learning driven diabetes risk prediction",2026,"Scientific Reports","10.1038/s41598-026-41874-9","UCI CDC Diabetes Health Indicators derived from BRFSS 2015","253,680; 21 original features","UCI Diabetes_binary: 0=no diabetes; 1=prediabetes or diabetes","Copula upper-tail-dependence feature ranking benchmarked against MI, mRMR, ReliefF, L1/Elastic-Net","Four classifiers; feature-selection benchmarking; statistical tests and robustness checks","Train/test workflow in public Python implementation; reproducible UCI fetch via ucimlrepo","https://github.com/agnivibes/copula-feature-selection","Very high","Reproducible feature-selection reference; candidate-variable evidence; code pattern","Uses curated BRFSS-2015 derivative and conflates prediabetes with diabetes; not directly comparable to our DIABETE4 binary target"
P07,established_benchmark,"An assessment of machine learning models and algorithms for early prediction and diagnosis of diabetes using health indicators",2022,"Healthcare Analytics","10.1016/j.health.2022.100118","BRFSS 2015-derived Diabetes Health Indicators","253,680 unbalanced records / 21 indicators; also discusses balanced subset","Diabetes_binary in curated dataset; prediabetes/diabetes combined in positive class","EDA/PCA highlights BMI, age, BP, cholesterol, general health, physical health, walking difficulty, income","Decision Tree; Random Forest; KNN; Naive Bayes; Logistic Regression","Multiple classification metrics including accuracy, sensitivity, specificity, ROC-AUC and PR curves","No public code located; detailed appendix and model settings","Medium-High","Established 21-indicator benchmark and common baseline algorithms","Curated derivative rather than raw annual BRFSS; publisher currently shows high citation uptake but reproducibility is weaker than code-backed papers"
P08,supporting_benchmark,"AI-driven analysis of diabetes risk determinants in U.S. adults: Exploring disease prevalence and health factors",2025,"PLOS ONE","10.1371/journal.pone.0328655","BRFSS 2015-derived analytical sample","253,680; >20 features","Diabetes/prediabetes prevalence reported around 14% in analytical sample","Broad health/social determinant features; supplementary coding file and correlation matrix","18 classifiers including LR, RF, Extra Trees, XGBoost, LightGBM, CatBoost; SHAP","80/20 split; supplementary imbalance comparison","No public code located; open paper and supporting files","Medium","Broad model catalogue; SHAP; feature-importance comparison","Data-availability statement points to raw CDC 2015 (~441k) while analytical sample is 253,680, indicating provenance ambiguity; reported AUC near 0.99 merits independent replication"
P09,supporting_recent,"An interpretable machine learning approach to predicting depression and diabetes",2026,"Healthcare Analytics","10.1016/j.health.2026.100454","BRFSS 2016-2022","Adults age 18-64","Diabetes outcome alongside separate depression outcome","Behavioral, demographic and socioeconomic features; interpretable ML","Multiple ML algorithms with SHAP-style interpretability","Multi-year BRFSS comparison; article describes model benchmarking","No public code located","Medium","Recent multi-year BRFSS evidence for behavioral/social predictors and interpretability","Broader dual-outcome objective; not as directly aligned as P01-P06"
P10,cautionary_support,"Detecting High-Risk Factors and Early Diagnosis of Diabetes Using Machine Learning Methods",2022,"Computational Intelligence and Neuroscience","10.1155/2022/2557795","Cleaned BRFSS 2015-derived Kaggle dataset","253,680; 21 predictors plus class","Diabetes_binary: 0=no diabetes; 1=prediabetes or diabetes","Uses whole feature set; preprocessing and hyperparameter tuning","Several classifiers; KNN emphasized","70/30 split; SMOTE-ENN; standard classification metrics","No public code located; open methods","Medium","Historical BRFSS-derived imbalance reference","Reports ~98% metrics after SMOTE-ENN; should be treated as a result to audit rather than a benchmark to chase; target conflates prediabetes and diabetes"
